Word,Count
the,264
of,156
to,135
and,108
in,100
is,51
that,44
with,38
from,34
it,34
as,32
on,28
for,26
be,26
are,26
have,23
their,21
more,20
was,18
an,18
this,17
they,17
some,16
by,16
you,16
can,16
digital,16
about,15
information,15
which,14
research,14
text,13
he,13
your,13
at,13
but,12
into,12
part,12
we,12
science,12
may,11
streaming,11
points,10
years,10
has,10
pupils,10
scientists,10
butterfly,10
use,9
or,9
were,9
had,9
writing,9
these,9
piracy,9
following,8
answer,8
when,8
shakespeare,8
if,8
work,8
not,8
such,8
what,8
our,8
who,8
illegal,8
butterflies,8
off,7
how,7
words,7
paragraph,7
world,7
its,7
will,7
online,7
up,7
there,7
preservation,7
historical,7
so,7
peters,7
section,6
directions,6
sheet,6
around,6
sea,6
data,6
would,6
emotional,6
study,6
been,6
target,6
write,6
time,6
do,6
old,6
according,6
new,6
need,6
energy,6
great,6
author,6
services,6
says,6
artifacts,6
because,6
even,6
one,6
my,6
public,6
citizen,6
pavlopetri,5
rise,5
recent,5
decades,5
change,5
scientific,5
two,5
made,5
after,5
children's,5
out,5
well,5
way,5
children,5
also,5
said,5
control,5
example,5
ways,5
people,5
against,5
researchers,5
own,5
legitimate,5
no,5
us,5
librarians,5
less,5
them,5
read,4
best,4
site,4
caused,4
than,4
bring,4
employed,4
parta,4
literacy,4
only,4
think,4
themselves,4
rsc,4
primary,4
groups,4
group,4
used,4
while,4
put,4
process,4
through,4
different,4
any,4
find,4
expanding,4
works,4
other,4
carbon,4
energyintensive,4
long,4
global,4
hollywood,4
show,4
billion,4
mpa,4
working,4
thousands,4
help,4
become,4
still,4
tangible,4
formats,4
analog,4
libraries,4
access,4
possible,4
technology,4
phenomenon,4
likely,4
means,4
should,4
insects,4
take,4
frames,4
species,4
many,4
takes,4
making,4
institutions,4
traditional,4
ownership,4
each,3
mark,3
modern,3
ago,3
island,3
natural,3
few,3
buildings,3
since,3
advances,3
all,3
resources,3
despite,3
besides,3
techniques,3
reading,3
answers,3
showed,3
does,3
act,3
rehearsal,3
approach,3
vocabulary,3
shows,3
makes,3
big,3
language,3
o'hanlon,3
given,3
sophisticated,3
emotion,3
picture,3
she,3
understanding,3
education,3
could,3
compared,3
life,3
develop,3
small,3
identifying,3
drawing,3
nature,3
dramatists,3
emissions,3
here,3
make,3
sustainable,3
now,3
hard,3
day,3
just,3
power,3
established,3
projects,3
value,3
explore,3
game,3
losing,3
pirates,3
video,3
platforms,3
filesharing,3
innovation,3
five,3
enforcement,3
task,3
force,3
it's,3
support,3
serious,3
like,3
creators,3
collaborate,3
future,3
economic,3
past,3
yet,3
objects,3
re,3
ve,3
record,3
quickly,3
obsolete,3
get,3
without,3
issue,3
collection,3
subject,3
done,3
keeping,3
challenge,3
form,3
shots,3
wild,3
capture,3
cancer,3
really,3
takeoff,3
focus,3
field,3
seen,3
engagement,3
general,3
directly,3
anyone,3
formal,3
enthusiasm,3
variety,3
analysis,3
setting,3
email,3
paul,3
li,3
ming,3
craftsmen,3
goods,3
trend,3
english,2
choose,2
numbered,2
peloponnesian,2
name,2
area,2
city,2
slow,2
millennia,2
below,2
climate,2
survey,2
british,2
first,2
year,2
later,2
team,2
courtyards,2
chamber,2
before,2
archaeologists,2
cooperation,2
underwater,2
tools,2
able,2
town,2
three,2
large,2
number,2
trade,2
center,2
prone,2
available,2
gradually,2
submerged,2
isolated,2
remains,2
surroundings,2
across,2
under,2
currents,2
protected,2
gathering,2
once,2
products,2
structures,2
preserve,2
display,2
examining,2
unlike,2
among,2
unorganized,2
undisturbed,2
resumed,2
light,2
mind,2
connected,2
suggesting,2
robust,2
ii,2
comprehension,2
questions,2
him,2
found,2
teaching,2
actors,2
activity,2
passage,2
results,2
wider,2
greater,2
length,2
appear,2
comfortable,2
imagine,2
react,2
shoes,2
library,2
character,2
desert,2
most,2
evident,2
very,2
room,2
where,2
drama,2
everyday,2
massive,2
using,2
requires,2
play,2
roles,2
helps,2
affects,2
weakness,2
description,2
literary,2
characters,2
inferred,2
last,2
included,2
back,2
cut,2
modelling,2
laboratories,2
operation,2
centres,2
international,2
electricity,2
meet,2
must,2
deliver,2
sources,2
intelligence,2
intention,2
reduce,2
justifiable,2
run,2
fostering,2
human,2
ingenuity,2
learned,2
model,2
sustainability,2
efforts,2
statements,2
difficult,2
inevitable,2
ever,2
taking,2
netflix,2
profit,2
likes,2
never,2
cable,2
age,2
television,2
annually,2
costs,2
sites,2
association,2
down,2
actually,2
helped,2
based,2
file,2
revenue,2
movies,2
rivkin,2
crime,2
organization,2
failed,2
consensus,2
between,2
silicon,2
valley,2
win,2
legislation,2
creativity,2
ace,2
globe,2
local,2
authorities,2
federal,2
copyright,2
begin,2
decline,2
hawley,2
confronted,2
real,2
threat,2
streamers,2
played,2
fight,2
urged,2
unlikely,2
diminish,2
near,2
harm,2
antiques,2
ll,2
centuries,2
why,2
those,2
known,2
neglect,2
itself,2
attempts,2
materials,2
historians,2
over,2
result,2
users,2
universality,2
phone,2
preserved,2
comes,2
then,2
object,2
becomes,2
zip,2
disk,2
files,2
assets,2
official,2
documenting,2
hours,2
planet,2
era,2
require,2
suffer,2
damage,2
undervaluation,2
possibility,2
records,2
suitable,2
photograph,2
his,2
rising,2
signature,2
shot,2
camera,2
shoots,2
second,2
britain,2
tiny,2
habitat,2
feeling,2
hope,2
sound,2
easy,2
shutter,2
swiftly,2
appeal,2
i've,2
good,2
poet,2
keen,2
amateur,2
photographer,2
summers,2
moment,2
don't,2
university,2
curiosity,2
overcome,2
challenges,2
engaging,2
nonscientists,2
scientist,2
join,2
engage,2
sample,2
smartphone,2
application,2
create,2
ideas,2
doityourself,2
biology,2
rapidly,2
biotechnological,2
social,2
movement,2
professional,2
seeking,2
discovery,2
hands,2
pool,2
outside,2
box,2
solutions,2
obstacles,2
sake,2
boundaries,2
inside,2
iii,2
dear,2
excited,2
hear,2
young,2
innovative,2
craftmaking,2
know,2
please,2
yours,2
instead,2
essay,2
event,2
crafts,2
above,2
durable,2
per,2
households,2
growth,2
during,2
word,1
blank,1
located,1
southern,1
peninsula,1
emerged,1
neolithic,1
settlement,1
aegean,1
earthquakes,1
tsunamis,1
sink,1
level,1
mediterranean,1
city's,1
lay,1
unseen,1
feet,1
water,1
covered,1
thick,1
layer,1
sand,1
laconia,1
shifting,1
eroded,1
barrier,1
coast,1
analyze,1
levels,1
oceanographer,1
nicholas,1
flemming,1
spotted,1
sunken,1
returned,1
students,1
location,1
map,1
identified,1
network,1
streets,1
tombs,1
exciting,1
initial,1
finds,1
lie,1
return,1
chrysanthi,1
gallon,1
jon,1
henderson,1
excavation,1
greek,1
ministry,1
culture,1
archaeology,1
huge,1
robotics,1
sonar,1
mapping,1
stateoftheart,1
graphics,1
covering,1
half,1
acres,1
main,1
roads,1
rectangular,1
open,1
excavations,1
revealed,1
minoanstyle,1
loom,1
weights,1
thriving,1
textile,1
industry,1
relevant,1
alien,1
accidentally,1
frequently,1
temporarily,1
disguised,1
relocated,1
legends,1
programs,1
via,1
rivers,1
seasons,1
winds,1
elevated,1
separated,1
comprised,1
restoring,1
updating,1
supplying,1
until,1
belongings,1
select,1
unchallenged,1
unknown,1
suspended,1
transferred,1
canceled,1
policies,1
theories,1
documents,1
ordered,1
provided,1
adjusted,1
effect,1
reality,1
crossed,1
blocked,1
altered,1
expecting,1
predicting,1
recalling,1
diverse,1
marginal,1
dependent,1
four,1
texts,1
choosing,1
grammar,1
school,1
boy,1
stratforduponavon,1
landed,1
scholarly,1
punch,1
groundbreaking,1
benefit,1
development,1
worn,1
broadened,1
complexity,1
difference,1
jacqui,1
royal,1
company,1
commissioned,1
randomised,1
trial,1
involved,1
hundreds,1
aged,1
nine,1
tenat,1
state,1
schools,1
previously,1
exposed,1
pedagogy,1
split,1
asked,1
message,1
bottle,1
fordinand,1
shipwreck,1
tempest,1
minute,1
dramabased,1
accompany,1
peerreviewed,1
drew,1
classed,1
rarer,1
wrote,1
role,1
being,1
shipwrecked,1
express,1
retied,1
cliche's,1
palm,1
trees,1
expansive,1
giving,1
broader,1
sky,1
atmospheric,1
conditions,1
hanlon,1
surprised,1
resilient,1
hopeful,1
added,1
probably,1
related,1
trying,1
describing,1
states,1
yourself,1
importance,1
embedding,1
arts,1
replicated,1
dramatist,1
needed,1
suggested,1
shakespeare's,1
gave,1
expansion,1
lives,1
combined,1
whole,1
bodies,1
rewrite,1
lines,1
watch,1
performances,1
artist,1
divided,1
whether,1
instruction,1
enhances,1
learning,1
outcomes,1
fluency,1
classroom,1
stimulates,1
interest,1
acts,1
reliance,1
click,1
omission,1
details,1
casual,1
style,1
preference,1
promote,1
imaginative,1
manner,1
inspiration,1
concentrating,1
reallife,1
situations,1
method,1
formidable,1
reluctant,1
shocked,1
learn,1
recently,1
want,1
scale,1
effort,1
decrease,1
crisis,1
least,1
far,1
unarguable,1
instruments,1
rockets,1
satellites,1
measure,1
planet's,1
pulse,1
demand,1
significant,1
amounts,1
both,1
construction,1
equally,1
true,1
science's,1
unrelenting,1
appetite,1
mushrooming,1
agency,1
consume,1
percent,1
world's,1
netzero,1
ambitions,1
computing,1
lumis,1
every,1
technologists,1
engineers,1
discovering,1
exploit,1
renewable,1
intelligently,1
europe's,1
largest,1
super,1
computer,1
lumi,1
finland,1
astonishingly,1
negative,1
paper,1
mill,1
powered,1
nearby,1
river,1
remote,1
heat,1
warms,1
live,1
surrounding,1
kajaani,1
expressed,1
surprise,1
unwillingness,1
suspicions,1
waste,1
believes,1
grave,1
consequences,1
groundless,1
worries,1
handle,1
present,1
green,1
illustrate,1
achievements,1
urgency,1
addressing,1
rewards,1
endeavors,1
triumph,1
shortage,1
owes,1
much,1
het,1
initiatives,1
aims,1
agree,1
emissionfree,1
demands,1
extra,1
funding,1
supercomputers,1
goals,1
ought,1
realistic,1
inc,1
struggled,1
turn,1
disneyt,1
pealock,1
paramount,1
billions,1
dollars,1
sparking,1
concerns,1
profitable,1
boon,1
unintended,1
winners,1
software,1
rip,1
film,1
seconds,1
host,1
titles,1
illegitimate,1
rake,1
ads,1
subscriptions,1
production,1
achieved,1
margins,1
approaching,1
motion,1
representing,1
studios,1
that's,1
crack,1
cropped,1
initially,1
businesses,1
curb,1
largely,1
uploads,1
involving,1
economy,1
lost,1
jobs,1
estimates,1
commerce,1
policy,1
impact,1
stealing,1
operating,1
mom,1
pop,1
operations,1
charlie,1
chief,1
executive,1
officer,1
organized,1
joined,1
earlier,1
build,1
congress,1
aimed,1
stopping,1
formed,1
alliance,1
entertainment,1
detectives,1
circling,1
arrest,1
shrink,1
north,1
america,1
aided,1
mpa's,1
law,1
largescale,1
material,1
consulting,1
firm,1
parks,1
associates,1
predicts,1
cumulative,1
loss,1
reach,1
next,1
optimism,1
emerging,1
counter,1
measures,1
practices,1
see,1
plateau,1
stake,1
holders,1
analyst,1
steve,1
drawn,1
lessons,1
surpassed,1
unpopular,1
advertisers,1
netpix,1
reaped,1
benefits,1
war,1
promised,1
job,1
uploading,1
denied,1
led,1
national,1
protest,1
cannot,1
checked,1
spite,1
possibly,1
overwhelm,1
underestimated,1
analysts,1
emphasized,1
coordinate,1
antipiracy,1
action,1
criminal,1
violation,1
prospect,1
eliminating,1
visit,1
store,1
encounter,1
photographs,1
letters,1
brochure,1
detailing,1
sinclair,1
dinosaur,1
exhibit,1
fair,1
ephemera,1
history,1
aren,1
truly,1
ephemeral,1
pondered,1
cycle,1
intangible,1
produce,1
seldom,1
provision,1
longterm,1
due,1
survived,1
often,1
original,1
thing,1
medium,1
delivers,1
creation,1
intentional,1
chance,1
surviving,1
serving,1
biographers,1
novelists,1
rely,1
archives,1
traditionally,1
shouldered,1
responsibility,1
ranganathan,1
foundational,1
laws,1
save,1
reader,1
thus,1
digitize,1
search,1
holdings,1
embarrassment,1
riches,1
brings,1
needleandhaystack,1
problems,1
innate,1
altruism,1
point,1
holding,1
cell,1
saying,1
noting,1
leave,1
laptop,1
evidence,1
vital,1
today,1
perhaps,1
importantly,1
maintained,1
curates,1
borndigital,1
terrifying,1
archivists,1
deal,1
care,1
carrier,1
saved,1
format,1
useless,1
stared,1
helplessly,1
thinking,1
constant,1
migration,1
nightmare,1
foreseeable,1
keeps,1
night,1
abruptly,1
stops,1
replaces,1
frightening,1
pervasive,1
photos,1
government,1
publications,1
integral,1
republic,1
informing,1
electorate,1
horror,1
sheer,1
volume,1
drowning,1
increase,1
exponentially,1
family,1
might,1
home,1
generations,1
millennial,1
sister,1
her,1
twoyearold,1
brief,1
organizational,1
metadata,1
unsearchable,1
situation,1
akin,1
bailing,1
teacup,1
standpoint,1
doesn,1
touch,1
authentication,1
increasingly,1
important,1
deep,1
fakes,1
manipulation,1
afterthefact,1
revision,1
mentions,1
introduce,1
contrast,1
items,1
comment,1
convey,1
direct,1
oversupply,1
underperformance,1
overreliance,1
cited,1
hazard,1
retrieving,1
unusual,1
infeasibility,1
constantly,1
migrating,1
inconvenience,1
storing,1
devices,1
summarizes,1
test,1
contributions,1
recognized,1
accessing,1
databases,1
essential,1
paragraphs,1
list,1
ag,1
fill,1
boxes,1
coherent,1
correctly,1
placed,1
landscape,1
celebrating,1
beauty,1
pictures,1
glanville,1
fritillary,1
seapinks,1
beside,1
chalk,1
cliffs,1
compton,1
bay,1
isle,1
wight,1
particularly,1
glorious,1
taleoff,1
challenging,1
wideangle,1
lens,1
cm,1
incredibly,1
close,1
skittish,1
sunwarmed,1
insect,1
photographers,1
cheat,1
fridge,1
refuses,1
temper,1
showing,1
multiple,1
wingbeats,1
frame,1
lifts,1
flower,1
typical,1
slr,1
uses,1
highspeed,1
om,1
system,1
relatively,1
mainland,1
europe,1
mostly,1
intensive,1
chemical,1
farming,1
reduced,1
fragments,1
reserves,1
heating,1
benefiting,1
others,1
too,1
gardening,1
habitspaving,1
gardens,1
pesticides,1
aren't,1
helping,1
either,1
pollinate,1
plants,1
bees,1
hoverflies,1
beststudied,1
extremely,1
useful,1
indicator,1
declines,1
flying,1
summer's,1
end,1
andrew,1
fusek,1
diagnosed,1
bowel,1
waiting,1
surgery,1
ill,1
sitting,1
garden,1
amazing,1
weather,1
painted,1
lady,1
everywhere,1
symbol,1
fragile,1
defiance,1
something,1
appealed,1
soul,1
artificial,1
insists,1
typically,1
sequence,1
high,1
speeds,1
depth,1
hot,1
fly,1
straight,1
line,1
flutter,1
patience,1
craft,1
anticipate,1
butterfly's,1
flightlineand,1
catch,1
itin,1
what's,1
sweaty,1
pursuit,1
elusive,1
fastingmoving,1
animal,1
feels,1
bloody,1
brilliant,1
full,1
encounters,1
met,1
interesting,1
got,1
vault,1
spiritual,1
bank,1
happy,1
watched,1
idly,1
wondered,1
flight,1
obsession,1
recovered,1
successful,1
remove,1
travelled,1
breadth,1
native,1
fruits,1
published,1
beautiful,1
book,1
impossible,1
enough,1
halfpresses,1
saves,1
previous,1
travel,1
miss,1
he's,1
captured,1
layers,1
together,1
photoshop,1
carefully,1
translate,1
underlined,1
segments,1
chinese,1
relied,1
participation,1
musician,1
discovered,1
uranus,1
th,1
century,1
telescope,1
mirrors,1
composed,1
copper,1
tin,1
provides,1
opportunity,1
democratisation,1
sets,1
teams,1
financial,1
restrictions,1
slowed,1
utilising,1
regardless,1
nationality,1
academic,1
experience,1
training,1
inquisitive,1
generate,1
knowledge,1
understand,1
genuine,1
outcome,1
they've,1
implored,1
citizens,1
bug,1
counting,1
categorising,1
cells,1
distant,1
galaxies,1
accessible,1
minds,1
race,1
potential,1
sciencebased,1
extend,1
vision,1
include,1
brains,1
problemsolve,1
faster,1
effective,1
grown,1
alongside,1
locations,1
including,1
paris,1
london,1
sydney,1
tel,1
aviv,1
petri,1
dish,1
laboratory,1
garage,1
classmate,1
reply,1
invite,1
demonstrate,1
campus,1
presentation,1
let,1
me,1
theanswer,1
describe,1
briefly,1
explain,1
intended,1
meaning,1
give,1
comments,1
neatly,1
peter,1
move,1
convention,1
utilizing,1
cities,1
glad,1
therefore,1
am,1
purpose,1
tell,1
detailed,1
start,1
invited,1
showcase,1
mix,1
demonstrations,1
papercutting,1
potterymaking,1
embroidery,1
dprinted,1
ecofriendly,1
handmade,1
inspire,1
everyone,1
appreciate,1
blending,1
skills,1
offer,1
assist,1
preparing,1
boards,1
organizing,1
seating,1
arrangements,1
demonstration,1
suggestions,1
feel,1
free,1
share,1
thank,1
again,1
looking,1
forward,1
success,1
sincerely,1
table,1
clearly,1
presented,1
noticeable,1
regard,1
average,1
major,1
consumer,1
china,1
specific,1
airconditioners,1
increased,1
markedly,1
washing,1
machines,1
experiencing,1
moderate,1
same,1
period,1
meanwhile,1
terms,1
refrigerators,1
supposed,1
place,1
attention,1
appearance,1
reflected,1
chart,1
several,1
reasons,1
perspective,1
responsible,1
foremost,1
overall,1
living,1
standards,1
increasing,1
appliances,1
suggests,1
improved,1
household,1
incomes,1
enabling,1
families,1
afford,1
enhance,1
comfort,1
convenience,1
additionally,1
bound,1
accessibility,1
manufacturers,1
efficient,1
affordable,1
widely,1
catering,1
needs,1
middle,1
class,1
definitely,1
arrive,1
conclusion,1
normal,1
acceptable,1
surely,1
continue,1
quite,1
forthcoming,1
